{"tfjsVersion":"1.3.1","tmVersion":"2.4.7","packageVersion":"0.8.4-alpha2","packageName":"@teachablemachine/image","timeStamp":"2023-10-28T00:01:30.192Z","userMetadata":{},"modelName":"tm-my-image-model","labels":["Bệnh Đốm Lá Cây Ổi","Bệnh Khô Đột Cây Ổi ","Bệnh Rỉ Sét Cây Ổi","Bệnh Thán Thư Cây Ổi","Cây Phát Triển Bình Thường","Bệnh Rệp Mềm Cây Ổi ","Bệnh Rệp Phấn Trắng Cây Ổi","Bệnh Ruồi Đục Hoa Quả Cây Ổi","Bệnh Sâu Đục Quả Cây Ổi"],"imageSize":224}